chr	start	end	size	chrregionprob
1	750101	814499	64399	0.000292483720212341
1	845201	2052399	1207199	0.00548278784696375
1	2056001	2582799	526799	0.0023925857749987
1	2693901	3845268	1151368	0.00522921778247245
1	3995269	4362199	366931	0.00166650637341006
1	4364301	5714799	1350499	0.0061336196472468
1	5736801	13052998	7316198	0.0332282925022142
1	13102999	13219912	116914	0.00053099336425885
1	13319913	13557162	237250	0.00107752857374149
1	13607163	16821599	3214437	0.0145991473803661
1	17301501	29878082	12576582	0.0571196057534367
1	30028083	38076399	8048317	0.0365533889906401
1	38078301	91836499	53758199	0.244155934648603
1	91854101	103863906	12009806	0.0545454547106088
1	103913907	120531599	16617693	0.075473294150322
1	120896301	120926099	29799	0.00013533940555921
1	121149301	121341499	192199	0.000872918500925353
1	145396501	145833118	436618	0.00198300683165378
1	145883119	146164650	281532	0.00127864604603831
1	146214651	146253299	38649	0.000175533832862106
1	146303300	147424799	1121500	0.00509356499663257
1	147731701	147831999	100299	0.00045553230102296
1	149058801	149459645	400845	0.00182053505222932
1	149509646	152185699	2676054	0.012153950052161
1	152191101	156185299	3994199	0.0181406261399775
1	156187601	161392299	5204699	0.0236384062812381
1	161442701	168317299	6874599	0.0312226632476908
1	168322801	203888699	35565899	0.161531179866402
1	203890701	205922707	2032007	0.00922885397067531
1	206072708	206332221	259514	0.00117864594430326
1	206482222	223747846	17265625	0.0784160349041322
1	223797847	224175499	377653	0.00171520294397974
1	224213601	228743699	4530099	0.0205745463198219
1	228782801	235192211	6409411	0.0291098988128683
1	235242212	236876099	1633888	0.00742069971040392
1	236879101	237765499	886399	0.00402579662902373
1	237767501	246980599	9213099	0.0418435297163714
1	246982701	248908210	1925510	0.00874517194531073
1	249058211	249225299	167089	0.000758875329221881
2	10001	2298399	2288399	0.0097434809935446
2	2300501	3183399	882899	0.00375918256637918
2	3185801	3529312	343512	0.00146259574622017
2	3579313	5018788	1439476	0.00612896048576477
2	5118789	13858599	8739811	0.0372121218221438
2	13877801	16279724	2401924	0.0102268445502461
2	16329725	21153113	4823389	0.020536890221492
2	21178114	31705550	10527437	0.0448234256002726
2	31705552	31725939	20388	8.68074538122012e-05
2	31726791	31816827	90037	0.000383357009951401
2	31816829	31816854	26	1.10702069801708e-07
2	31816856	31816858	3	1.2773315746351e-08
2	31816860	33092197	1275338	0.00543009831910658
2	33093198	33140399	47202	0.000200975349953086
2	33143501	49455799	16312299	0.0694540485586284
2	49457901	62956899	13498999	0.057475658828892
2	62981701	70656599	7674899	0.0326779694161178
2	70659501	86881999	16222499	0.069071700640621
2	86896801	87441299	544499	0.00231835255019079
2	88290401	89534799	1244399	0.00529836711381447
2	89985901	90266999	281099	0.00119685542766117
2	95326201	95471499	145299	0.000618650001543017
2	95565901	97718399	2152499	0.00916484979023491
2	98232301	109814799	11582499	0.0493156389529315
2	109817201	110109337	292137	0.00124385271406391
2	110251338	114147599	3896262	0.0165893949188363
2	114441901	132763199	18321299	0.0780079123367681
2	132836701	132946299	109599	0.00046664754416144
2	133122101	149638399	16516299	0.0703226340293803
2	149640301	149690582	50282	0.000214089287452673
2	149790583	162134099	12343517	0.0525558800204836
2	162148701	230044499	67895799	0.28908482615926
2	230046501	234003741	3957241	0.0168490295924686
2	234053742	239801978	5748237	0.0244746820619524
2	239831979	240784132	952154	0.00405405456038369
2	240809133	243052099	2242967	0.00955004189988187
3	60001	612199	552199	0.00285778305375467
3	662601	3762199	3099599	0.0160412849274173
3	3767101	4958299	1191199	0.00616478536877014
3	4964201	8414499	3450299	0.0178562547425596
3	8434101	15009099	6574999	0.0340274443102104
3	15010801	15228199	217399	0.00112510015067613
3	15245301	16995499	1750199	0.00905776548472265
3	17013701	25740699	8726999	0.0451646414650043
3	25759101	26426199	667099	0.00345242243715886
3	26445701	39913799	13468099	0.0697011495647224
3	39931101	43527699	3596599	0.018613397839096
3	43530901	51490399	7959499	0.0411926159927439
3	51496101	60104768	8608668	0.0445522457045378
3	60104770	60190063	85294	0.000441420118085963
3	60190065	60830533	640469	0.00331460479764577
3	60830535	60830762	228	1.17996326732947e-06
3	60830765	63719199	2888435	0.0149484526318806
3	63725001	66170270	2445270	0.0126549507837839
3	66270271	73158999	6888729	0.0356510841166107
3	73161501	75678099	2516599	0.0130240981517459
3	75917701	75982799	65099	0.000336905389210004
3	75999501	78995599	2996099	0.0155056437073796
3	78999801	80490199	1490399	0.00771322839326565
3	80492101	80916399	424299	0.00219586506300274
3	80946201	90205399	9259199	0.0479189241442707
3	90224701	90312299	87599	0.000453349132696464
3	93518501	93957199	438699	0.00227038905883408
3	93959601	96335199	2375599	0.0122943840258974
3	96338101	96457299	119199	0.000616887901326338
3	96459001	98184699	1725699	0.00893097118625961
3	98186901	100827299	2640399	0.0136647975047959
3	100833601	107053899	6220299	0.032191773385115
3	107058801	118633599	11574799	0.0599027966961484
3	118639101	135154399	16515299	0.085471255127031
3	135158201	135304099	145899	0.000755067810263604
3	135329201	139309799	3980599	0.0206007043945983
3	139333001	155996599	16663599	0.0862387487785439
3	156002701	157599199	1596499	0.00826232533477292
3	157620601	160658899	3038299	0.0157240404173853
3	160666401	169397299	8730899	0.0451848250472086
3	169454101	173977499	4523399	0.0234098450152405
3	173983301	175499399	1516099	0.00784623302471463
3	175504901	182734899	7229999	0.0374172510650385
3	182736901	183673199	936299	0.00484560713700575
3	183676501	183796799	120299	0.000622580706563454
3	183798701	185265899	1467199	0.00759316195553739
3	185305501	189237499	3931999	0.0203491859086675
3	189238901	194041961	4803061	0.0248571734681699
3	194047252	195201399	1154148	0.00597303616255162
3	195233901	195341899	107999	0.000558924793457522
3	195476901	195502199	25299	0.000130929345176176
3	195519801	195640699	120899	0.000625685873056426
3	195745501	196624699	879199	0.00455009879242456
3	196639201	196757599	118399	0.000612747679335708
3	196762601	197110399	347799	0.00179995633514878
3	197187601	197325199	137599	0.000712113007110821
3	197407701	197797999	390299	0.00201990562840098
4	69601	1420499	1350899	0.00724996340802458
4	1478647	8799203	7320557	0.0392877412570134
4	8818204	9199299	381096	0.00204525434909977
4	9371401	31820917	22449517	0.120481380752984
4	31837418	32834638	997221	0.00535185514217841
4	32840639	40293299	7452661	0.0399967129610814
4	40341801	49073899	8732099	0.0468631616614181
4	52683801	59739333	7055533	0.0378654185650518
4	59789334	68263299	8473966	0.0454778213773527
4	68273301	70294399	2021099	0.0108467722561014
4	70297701	75427379	5129679	0.0275298042599129
4	75452280	76806199	1353920	0.00726617641836483
4	76808201	80272499	3464299	0.0185920938459915
4	80275601	114908999	34633399	0.185869465774654
4	114911501	120158499	5246999	0.0281594336452552
4	120222801	153843199	33620399	0.180432928378203
4	153846401	167475599	13629199	0.0731447680623682
4	167502501	190153699	22651199	0.121563761537971
4	190157201	190190599	33399	0.000179244731001069
4	190230501	190469399	238899	0.00128211584153491
4	190685101	190756299	71199	0.000382108614106563
4	190770701	190795299	24599	0.000132017160331007
5	85501	629899	544399	0.0031315059470824
5	651801	1326399	674599	0.00388044573997351
5	1334601	2144799	810199	0.00466044755192462
5	2147801	2489999	342199	0.00196840590005795
5	2491701	3322199	830499	0.00477721773468722
5	3325201	6967499	3642299	0.0209513261037443
5	6971801	14633499	7661699	0.0440718222907376
5	14653401	16335699	1682299	0.00967696363011463
5	16341501	17516899	1175399	0.00676116039650092
5	17600401	17631099	30699	0.0001765875783561
5	17633301	21458599	3825299	0.0220039834163332
5	21581101	25360399	3779299	0.021739381031748
5	25384601	32369499	6984899	0.0401787159018843
5	32391601	34177799	1786199	0.010274619885732
5	34246501	45522999	11276499	0.0648649679385317
5	45550601	45932399	381799	0.00219619403983129
5	45978601	46072399	93799	0.000539553023297952
5	46096801	46239899	143099	0.000823137752864249
5	46241801	46265499	23699	0.000136321998093137
5	49594201	60055499	10461299	0.0601757535056221
5	60058301	68829999	8771699	0.0504567928752932
5	70669401	71145799	476399	0.00274035459595647
5	71149801	73981299	2831499	0.0162874214641428
5	74008301	79944999	5936699	0.0341492328687932
5	79949101	80324699	375599	0.00216053024016981
5	80351701	84936299	4584599	0.0263716484297143
5	84958501	90445099	5486599	0.0315601560578846
5	90458901	91636128	1177228	0.00677168121740106
5	91686129	93283199	1597071	0.0091867129337358
5	93284601	93903699	619099	0.00356119721074573
5	93906101	99381199	5475099	0.0314940054617384
5	99426801	113476999	14050199	0.0808199165064432
5	113496901	126439199	12942299	0.0744470255959665
5	126461501	130208299	3746799	0.0215524336948128
5	130210401	134258199	4047799	0.0232838536461202
5	134265101	136835199	2570099	0.0147837896526087
5	136886001	137304799	418799	0.00240902639264981
5	137310301	138341099	1030799	0.00592938855278314
5	138347501	138787073	439573	0.00252852313041878
5	138837074	142677199	3840126	0.0220892716675559
5	142690001	143013899	323899	0.00186314016879906
5	143015801	155138699	12122899	0.0697336518148991
5	155189101	156085199	896099	0.0051545637440087
5	156093101	170510899	14417799	0.082934434692824
5	170517201	173440699	2923499	0.0168166262333132
5	173444601	174540799	1096199	0.00630558411695425
5	174565801	175331399	765599	0.00440389828339203
5	175545201	176017899	472699	0.00271907136067462
5	176019801	177061899	1042099	0.00599438870377907
5	177360501	177387599	27099	0.000155879565649433
5	177408101	178011599	603499	0.00347146248901684
5	178013601	180599699	2586099	0.0148758252646383
6	162101	256599	94499	0.000574671427526237
6	382801	518999	136199	0.000828259280602397
6	521401	851499	330099	0.00200741239118915
6	864201	1428699	564499	0.0034328558626772
6	1434801	2200299	765499	0.00465518580196517
6	2202701	4809699	2606999	0.0158537956686258
6	4840301	5886399	1046099	0.00636158272218509
6	5892501	6141099	248599	0.00151179104764701
6	6143901	6212499	68599	0.000417167221418981
6	6217901	8770599	2552699	0.0155235841477137
6	8776401	9966099	1189699	0.00723484928577589
6	9971701	10984499	1012799	0.0061590773143329
6	10987801	14480599	3492799	0.0212405611423635
6	14486401	15189399	702999	0.00427510808452488
6	15190801	20079899	4889099	0.0297318014121535
6	20093101	20614999	521899	0.0031737948904699
6	20619201	22166499	1547299	0.00940950195388224
6	22181201	23232899	1051699	0.00639563768566774
6	23235901	26668799	3432899	0.0208762946579688
6	26830201	26850499	20299	0.000123443161381127
6	26925901	30027899	3101999	0.0188640111907529
6	30071801	31783299	1711499	0.0104080421331414
6	31806301	33451699	1645399	0.0100060719391765
6	33454301	34038399	584099	0.00355204823486648
6	34041701	37095999	3054299	0.0185739358768025
6	37117301	38241899	1124599	0.00683896033529009
6	38269501	44011399	5741899	0.0349178858510828
6	44047701	44148499	100799	0.000612983261444218
6	44150801	45637099	1486299	0.00903854610166052
6	45683301	45814799	131499	0.000799677436250887
6	45817801	45963799	145999	0.000887855466697034
6	45965301	48331099	2365799	0.0143869997414803
6	48336801	48705799	368999	0.00224397276252398
6	48711101	49759099	1047999	0.00637313708479527
6	49764901	50999099	1234199	0.00750546462059338
6	51004701	51531299	526599	0.00320237673482141
6	51535801	54270499	2734699	0.0166303704608998
6	54273401	54364699	91299	0.000555211448393294
6	54372501	54826699	454199	0.00276209470693858
6	54832301	56911199	2078899	0.0126422909873424
6	56913201	56954699	41499	0.000252365523136872
6	56956701	57133299	176599	0.0010739415171558
6	57608801	57671299	62499	0.000380071636196809
6	57673301	58061299	387999	0.00235951638862583
6	58288101	58724799	436699	0.0026556729460553
6	58738301	58772699	34399	0.000209188694435656
6	61920701	62128589	207889	0.0012642236256151
6	62178590	62283099	104510	0.000635550755994952
6	62285001	62371499	86499	0.00052602147969388
6	62383901	62770599	386699	0.00235161077210307
6	62781901	63265299	483399	0.00293966701652669
6	63298701	65966099	2667399	0.0162211027747601
6	65967701	70193399	4225699	0.0256975044881553
6	70231501	71454099	1222599	0.00743492219623646
6	71514001	71981599	467599	0.00284358336955778
6	71986301	72027299	40999	0.00024932490139735
6	72029201	72874999	845799	0.00514350965333245
6	72876901	73680199	803299	0.00488505680547306
6	73704401	74417699	713299	0.00433774489235904
6	74420301	74707399	287099	0.00174591892159023
6	74738701	77455299	2716599	0.0165202999539291
6	77457001	77670599	213599	0.00129894752588045
6	77687701	77752899	65199	0.00039649099359023
6	77797701	78426699	628999	0.00382509606707558
6	78455801	78508099	52299	0.000318042952710554
6	78509801	79681399	1171599	0.00712477877880519
6	79687301	80400999	713699	0.00434017738975066
6	80403401	81193299	789899	0.00480356814285386
6	81207501	83257399	2049899	0.0124659349264501
6	83275701	86694599	3418899	0.0207911572492621
6	86736601	87552299	815699	0.00496046422461321
6	87637101	89091199	1454099	0.00884273006163529
6	89122301	90764499	1642199	0.00998661196004358
6	90769801	91271999	502199	0.00305399439393272
6	91298001	94341299	3043299	0.018507042198533
6	94347001	95516599	1169599	0.0071126162918471
6	95540001	95680543	140543	0.000854676202275367
6	95830544	96310099	479556	0.00291629679783672
6	96313201	97430399	1117199	0.00679395913354516
6	97437101	97824399	387299	0.0023552595181905
6	97828601	99151499	1322899	0.00804487091718463
6	99156201	99314299	158099	0.000961438512793474
6	99316401	100802599	1486199	0.00903793797731262
6	100817601	101028299	210699	0.00128131191979122
6	101034501	101633799	599299	0.00364448313574796
6	101663001	102617899	954899	0.00580697331689622
6	102623601	102983199	359599	0.00218680907382096
6	102985101	103200699	215599	0.00131111001283854
6	103206701	104937299	1730599	0.0105241938835911
6	104943401	105185699	242299	0.00147347921372903
6	105210801	107045299	1834499	0.0111560350810639
6	107046901	109454699	2407799	0.0146424119676001
6	109471401	109566299	94899	0.000577103924917854
6	109571601	112224099	2652499	0.0161304922469223
6	112229601	112853399	623799	0.00379347360098455
6	112873001	114754199	1881199	0.0114400291515352
6	114756901	115121099	364199	0.00221478279382457
6	115123801	115496599	372799	0.00226708148774435
6	115502401	115539742	37342	0.000227085793994484
6	115539744	115575099	35356	0.000215008444445101
6	115578001	116960799	1382799	0.00840913740157941
6	116966001	117134699	168699	0.00102589969367135
6	117144001	117413299	269299	0.00163767278766323
6	117429301	119557599	2128299	0.0129427044152072
6	119559601	121732199	2172599	0.0132121035013288
6	121734101	121887099	152999	0.000930424171050346
6	121892401	123793599	1901199	0.0115616540211161
6	123799301	125027999	1228699	0.00747201778145863
6	125052901	125125999	73099	0.000444532817074682
6	125131801	129226699	4094899	0.0249020778410963
6	129244601	131555999	2311399	0.0140561800962202
6	131561801	132019099	457299	0.00278094656172362
6	132037101	132177399	140299	0.00085319237886648
6	132179001	133341699	1162699	0.00707065571184169
6	133347801	133593099	245299	0.00149172294416616
6	133595001	136492699	2897699	0.0176216131479841
6	136494601	138120399	1625799	0.00988687956698725
6	138136601	142456499	4319899	0.0262703576238813
6	142469201	144117699	1648499	0.0100249237939616
6	144122901	145393199	1270299	0.00772499751018689
6	145395001	145824199	429199	0.00261006361996247
6	145826401	145984699	158299	0.000962654761489283
6	146002901	146291399	288499	0.00175443266246089
6	146318301	148276599	1958299	0.0119088930237696
6	148278601	148480499	201899	0.00122779697717563
6	148484701	150782099	2297399	0.0139710426875136
6	150797501	156062899	5265399	0.032020173333318
6	156064801	156355299	290499	0.00176659514941898
6	156361301	156646099	284799	0.00173193206158843
6	156651901	156802999	151099	0.000918869808440161
6	156804801	157559467	754667	0.00458931377260016
6	157609468	157641300	31833	0.000193584223668427
6	157691301	157730499	39199	0.00023837866313507
6	157736301	160072999	2336699	0.0142100355562401
6	160134301	161032399	898099	0.00546155868728648
6	161068501	165716799	4648299	0.0282674379823996
6	165720001	165782199	62199	0.000378247263153096
6	165787801	166828699	1040899	0.00632996025609405
6	166843001	167196599	353599	0.0021503216129467
6	167208401	167745799	537399	0.00326805416439509
6	167752501	167786099	33599	0.00020432369965242
6	167802901	167942073	139173	0.000846344898709075
6	168042074	168635099	593026	0.00360633549540391
6	168638701	168961199	322499	0.00196119494074841
6	168963301	169054199	90899	0.000552778951001676
6	169061301	169239699	178399	0.00108488775541808
6	169241701	170279972	1038272	0.0063139848294746
6	170329973	170460499	130527	0.000793766467589256
6	170462501	170528699	66199	0.000402572237069274
6	170531001	170685999	154999	0.000942586658008435
6	170710201	170774699	64499	0.000392234123154898
6	170777401	170803899	26499	0.000161146870951203
6	170839701	170915299	75599	0.000459735925772293
7	49701	232484	182784	0.0011919039268469
7	282485	1310999	1028515	0.00670677448420505
7	1313201	45290699	43977499	0.286769923795329
7	45292601	50370631	5078031	0.0331129917801901
7	50410632	56436999	6026368	0.0392969389214837
7	56447501	57544899	1097399	0.0071559555399699
7	57557601	57597799	40199	0.000262130963078379
7	57782701	57884199	101499	0.000661858021878464
7	62120801	62402999	282199	0.00184017253289274
7	62404901	64929599	2524699	0.0164631403854081
7	65063201	74715724	9652524	0.0629424963869043
7	74765725	84878699	10112975	0.065945020431791
7	84884901	100548999	15664099	0.102142972626808
7	100611601	100634799	23199	0.000151276803215386
7	100648101	101981899	1333799	0.0086974804453588
7	102013401	102114899	101499	0.000661858021878464
7	102445701	121919199	19473499	0.126983433602225
7	121925001	130154523	8229523	0.0536633446022456
7	130254524	139379377	9124854	0.0595016484730863
7	139404378	140761799	1357422	0.00885152208173783
7	140784201	142048195	1263995	0.00824230022329549
7	142098196	142276197	178002	0.00116072130376073
7	142326198	142372999	46802	0.000305188022935752
7	142376301	143347897	971597	0.00633562171531788
7	143397898	145693499	2295602	0.0149692371229297
7	145735201	152072599	6337399	0.0413251201095041
7	152132401	154270634	2138234	0.0139430666859109
7	154370635	157924099	3553465	0.0231715515986794
7	157945101	158386999	441899	0.00288154955231156
7	158388901	158685899	296999	0.00193668086030288
7	158710601	159128663	418063	0.00272611897851778
8	185301	7012599	6827299	0.0484634215399252
8	8066201	11994399	3928199	0.0278842283060567
8	12230101	12251999	21899	0.000155449536969572
8	12466301	13501499	1035199	0.00734833577886497
8	13503801	43091799	29587999	0.210029715713327
8	43118201	43758899	640699	0.00454798679788428
8	46908901	46946899	37999	0.000269735008690203
8	46959101	47367599	408499	0.0028997205535656
8	47369501	48130499	760999	0.00540193352136204
8	48135600	48792699	657100	0.00466440891103273
8	48794601	51581599	2786999	0.0197834469192502
8	51584701	52729899	1145199	0.00812916819434754
8	52737901	58117399	5379499	0.0381862472568736
8	58128701	59283299	1154599	0.00819589387348878
8	59288701	60782299	1493599	0.010602277408476
8	60800501	70600599	9800099	0.069565772492167
8	70603501	82753699	12150199	0.086247902125127
8	82764201	86554299	3790099	0.0269039287008008
8	86841601	100500999	13659399	0.0969609228655479
8	100509101	104795399	4286299	0.0304261927422777
8	104807701	106801199	1993499	0.0141508058130191
8	106807001	127325399	20518399	0.145649373209139
8	127331101	142501599	15170499	0.107687430711327
8	142503601	142766515	262915	0.00186629595015092
8	142816516	144743299	1926784	0.0136772309530289
8	144752701	145332588	579888	0.004116321343176
8	145432589	146304022	871434	0.00618585377412402
9	10001	6593799	6583799	0.0591133291976084
9	6595701	35902999	29307299	0.263138655004465
9	35915301	39663686	3748386	0.033655276471488
9	39713687	39974796	261110	0.00234440349512303
9	40024797	40233029	208233	0.00186964180996497
9	40283030	40425834	142805	0.00128218965616424
9	40475835	40814999	339165	0.00304522849153002
9	43489001	43684599	195599	0.00175620611712524
9	44102401	44676646	574246	0.00515592788273303
9	44726647	44852099	125453	0.00112639290595408
9	44881201	44908293	27093	0.000243257339410089
9	66250201	66344099	93899	0.000843082010603032
9	68143801	68306799	162999	0.00146350360117023
9	69121201	69141699	20499	0.00018405241946508
9	70957901	72652099	1694199	0.0152115432462715
9	72654501	78789199	6134699	0.0550810377891608
9	78791101	79185699	394599	0.0035429484691205
9	79187901	87779799	8591899	0.0771432654641496
9	87780901	92343416	4562516	0.0409650279842011
9	92443417	92528796	85380	0.000766593276449024
9	92678797	133073060	40394264	0.36268413199235
9	133223061	137041193	3818133	0.0342815072193504
9	137091194	139166997	2075804	0.01863782372483
9	139216998	140221299	1004302	0.00901723074167612
9	140223801	141053299	829499	0.00744774368963678
10	60001	17974675	17914675	0.137310571112197
10	18024676	37412173	19387498	0.148599314406573
10	37412175	38726199	1314025	0.0100716046038069
10	42489101	42524899	35799	0.000274388518644381
10	42819201	46426964	3607764	0.0276524210055736
10	46476965	47429169	952205	0.00729836362456418
10	47529170	47792476	263307	0.00201816859908646
10	47892477	48055707	163231	0.00125111629617702
10	48105708	49095536	989829	0.00758674021680073
10	49195537	51137410	1941874	0.0148838774897075
10	51187411	51398845	211435	0.00162058539175884
10	51448846	54900228	3451383	0.0264538078897288
10	54900231	60027702	5127472	0.0393005236590559
10	60027704	61482805	1455102	0.0111529171836218
10	61482807	64321063	2838257	0.0217543823504021
10	64321065	64321065	1	7.66469785872179e-09
10	64321067	64340155	19089	0.00014631141742514
10	64340157	98560399	34220243	0.262287823247039
10	98562501	116065824	17503324	0.134157689983314
10	116065826	125869472	9803647	0.0751419921685643
10	125919473	128616069	2696597	0.0206686012517356
10	128766070	133381404	4615335	0.0353751482917837
10	133431405	133677527	246123	0.00188645843108218
10	133727528	135437599	1710072	0.0131071851966601
11	196301	584399	388099	0.00298744299269001
11	586501	963999	377499	0.00290584810138002
11	966101	1015699	49599	0.000381794812649431
11	1019101	1088799	69699	0.000536517200888177
11	1094301	1141099	46799	0.000360241445133586
11	1214301	3674099	2459799	0.0189346256650388
11	3676901	6830799	3153899	0.0242775515195917
11	6832701	10528499	3695799	0.0284488978970333
11	10532701	11267199	734499	0.00565390245965029
11	11269501	48699999	37430499	0.288126179017313
11	48964801	50505599	1540799	0.0118605025410881
11	50523401	50635499	112099	0.000862896766128119
11	51200101	51244399	44299	0.000340997366994438
11	51289001	51566299	277299	0.00213454544956299
11	54834601	54876799	42199	0.000324832341357555
11	55028401	62606299	7577899	0.0583318721946272
11	62651301	69089801	6438501	0.0495612065371918
11	69139802	69724695	584894	0.00450229833564742
11	69774696	77596599	7821904	0.0602101327091642
11	77601801	85172699	7570899	0.0582779887758375
11	85196401	87688378	2491978	0.0191823277412146
11	87738379	93965499	6227121	0.0479340812423706
11	93984501	96287584	2303084	0.0177282913828082
11	96437585	100156599	3719015	0.0286276061042647
11	100162501	102239799	2077299	0.0159902817097492
11	102246001	129208699	26962699	0.207548914559326
11	129234601	134946516	5711916	0.0439682231312988
12	187001	479899	292899	0.00226075990119157
12	531701	2363999	1832299	0.0141427185008942
12	2366101	2628699	262599	0.00202688738880298
12	2649701	4618499	1968799	0.0151963025913576
12	4624001	6037399	1413399	0.0109094117207101
12	6042401	6910467	868067	0.00670023136011956
12	6910469	6910703	235	1.81386271984547e-06
12	6910705	7189876	279172	0.00215480716265829
12	7239877	7705199	465323	0.00359162571228363
12	7717601	19881599	12163999	0.0938886140865428
12	19887001	20703399	816399	0.00630142855582604
12	20705401	20921399	215999	0.00166720227074001
12	20928001	34371699	13443699	0.103766061416697
12	34400001	34574499	174499	0.00134688183298006
12	34576401	34761599	185199	0.00142947047596877
12	37887401	37989199	101799	0.000785742174542761
12	38259901	38330899	70999	0.000548010379771525
12	38375801	38443399	67599	0.000521767259569506
12	38503501	38534899	31399	0.00024235521506565
12	38537701	41756499	3218799	0.0248445085479824
12	41758401	54204999	12446599	0.0960698804892165
12	54206901	66867699	12660799	0.0977231970619438
12	66872601	69384999	2512399	0.0193921143977746
12	69391001	70167099	776099	0.00599037039578446
12	70204101	75903799	5699699	0.0439934958742149
12	75916901	93771899	17854999	0.137814966165864
12	93808101	97117399	3309299	0.0255430386592421
12	97122301	101540099	4417799	0.034099067701577
12	101549001	109373470	7824470	0.0603936784491458
12	109423471	113517399	4093929	0.0315992561310393
12	113519301	121965036	8445736	0.0651889603066246
12	121965237	122530623	565387	0.0043639761769586
12	122580624	123928080	1347457	0.0104004341229567
12	123928281	123960721	32441	0.000250397959551093
12	123960822	125394299	1433478	0.0110643927826325
12	125426401	126072899	646499	0.0049900444022016
12	126074801	127649499	1574699	0.0121544162173529
12	127651901	130863599	3211699	0.0247897067381488
12	130878601	132060499	1181899	0.00912256397754314
12	132074201	132706992	632792	0.00488424603496363
12	132806993	133342999	536007	0.00413720474415408
12	133345001	133825399	480399	0.00370799079468529
13	19194201	19344199	149999	0.0016386088891214
13	19447901	19641599	193699	0.00211599346138259
13	19652001	19677799	25799	0.000281831683747512
13	19683401	19710999	27599	0.000301495121506554
13	19713301	20051499	338199	0.00369453054815012
13	20077001	20150199	73199	0.000799635544735615
13	20228601	20352399	123799	0.00135239662840646
13	20372401	20966499	594099	0.00649001594956057
13	20984701	21068499	83799	0.000915431344872195
13	21072901	21815999	743099	0.00811771163072571
13	21826301	21950599	124299	0.00135785869445064
13	21952601	22125499	172899	0.00188877151394477
13	22129801	22429699	299899	0.00327613628916606
13	22436001	23095399	659399	0.00720336177493026
13	23108301	24900499	1792199	0.0195782186046206
13	24932101	25122299	190199	0.00207775899907334
13	25128601	26466999	1338399	0.0146208474629244
13	26472001	27977099	1505099	0.0164419002820534
13	28035001	28710499	675499	0.0073792403015528
13	28733701	29767399	1033699	0.0112922644156021
13	29769601	30215699	446099	0.0048732444004838
13	30247401	30397899	150499	0.00164407095516558
13	30426101	30786999	360899	0.00394250834655581
13	30790101	30819099	28999	0.000316788906430253
13	30845001	31412799	567799	0.00620271127563679
13	31440601	31521899	81299	0.000888121014651304
13	31523401	31916199	392799	0.00429098816017439
13	31920701	31970099	49399	0.000539641201032728
13	31971801	33109899	1138099	0.0124327438056266
13	33114001	33149399	35399	0.000386703351795736
13	33182101	33441699	259599	0.00283589376600529
13	33443501	34163099	719599	0.00786099452664933
13	34164901	34558899	393999	0.00430409711868042
13	34565001	35054299	489299	0.0053451669067008
13	35073101	35655999	582899	0.00636766567017098
13	35664301	35977499	313199	0.0034214272459412
13	36001801	36531199	529399	0.0057832246034439
13	36553701	36582199	28499	0.000311326840386075
13	36588401	37723899	1135499	0.0124043410621968
13	37730201	38396199	665999	0.00727546104671341
13	38402301	38640899	238599	0.0026064869921498
13	38645801	38687299	41499	0.000453340557534711
13	38721001	40422399	1701399	0.0185863074109978
13	40427801	40560399	132599	0.001448528990784
13	40580701	40920399	339699	0.00371091674628265
13	40936601	41308999	372399	0.00406813586557191
13	41315201	41343799	28599	0.000312419253594911
13	41416001	41438499	22499	0.000245782047855935
13	41477301	41530499	53199	0.000581152902968483
13	41640401	42108699	468299	0.00511576013284531
13	42114801	42165399	50599	0.000552750159538756
13	42243301	42320999	77699	0.00084879413913322
13	42324401	42445299	120899	0.00132071664535023
13	42448801	42479699	30899	0.000337544757398131
13	42497901	42928199	430299	0.00470064311348776
13	42961001	42998999	37999	0.000415106095225463
13	43005201	43128799	123599	0.00135021180198879
13	43132301	43734899	602599	0.0065828710723116
13	43740401	44391899	651499	0.00711706113143224
13	44409801	44540799	130999	0.00143105037944263
13	44550401	45491199	940799	0.0102774125445938
13	45494101	46190899	696799	0.0076119243150348
13	46244301	47322399	1078099	0.0117772958803252
13	47347501	47795599	448099	0.00489509266466051
13	47799801	48287999	488199	0.00533315036140361
13	48379401	48551899	172499	0.00188440186110943
13	48636201	48776899	140699	0.00153701446069969
13	48781201	48955699	174499	0.00190625012528614
13	49045801	49587599	541799	0.00591868384133952
13	49593701	49726299	132599	0.001448528990784
13	49750701	50655599	904899	0.00988523620262181
13	50674001	50739499	65499	0.00071551972765527
13	50760401	50803999	43599	0.00047628123492026
13	50831701	51044999	213299	0.00233010645031438
13	51047901	51069399	21499	0.000234857915767579
13	51148801	51538699	389899	0.00425930817711815
13	51562301	51643199	80899	0.000883751361815961
13	51654901	52056599	401699	0.00438821293576076
13	52177401	52209899	32499	0.000355023368739501
13	52311101	52628399	317299	0.00346621618750346
13	52634201	52766999	132799	0.00145071381720167
13	52908601	53056599	147999	0.00161676062494469
13	53198501	53667699	469199	0.00512559185172483
13	53672501	54170799	498299	0.00544348409549601
13	54195601	55314399	1118799	0.0122219080563213
13	55316201	55924899	608699	0.00664950827805058
13	55928901	56385999	457099	0.00499340985345572
13	56387701	57149499	761799	0.00832199290077798
13	57152401	57613799	461399	0.00504038362143565
13	57615801	57713199	97399	0.00106399954127385
13	57748001	57793399	45399	0.000495944672679302
13	57794801	57929499	134699	0.00147146966816955
13	57933401	58055699	122299	0.00133601043027392
13	58068301	58756199	687899	0.00751469953944842
13	58759001	59246599	487599	0.00532659588215059
13	59252601	60399099	1146499	0.0125245065151688
13	60401601	60558599	156999	0.0017150778137399
13	60561901	60819899	257999	0.00281841515466392
13	60825801	60867999	42199	0.00046098744999656
13	60870401	61508299	637899	0.00696849293503059
13	61510401	62141999	631599	0.00689967090287395
13	62143901	62379799	235899	0.00257699183551124
13	62381801	62407699	25899	0.000282924096956348
13	62419701	63602299	1182599	0.0129188676835584
13	63649701	64290999	641299	0.007005634984131
13	64343601	64395199	51599	0.000563674291627113
13	64410801	66566999	2156199	0.0235546026847824
13	66569001	66827799	258799	0.0028271544603346
13	66833701	67311599	477899	0.00522063180089354
13	67317701	67350199	32499	0.000355023368739501
13	67352501	68136599	784099	0.00856560104634833
13	68139601	68254199	114599	0.00125189461319358
13	68260101	68566599	306499	0.00334823556094921
13	68570001	68901599	331599	0.00362243127636696
13	68915401	70357599	1442199	0.0157547723736958
13	70362901	70783799	420899	0.00459795627185721
13	70789001	71751299	962299	0.0105122813844935
13	71752701	71958499	205799	0.0022481754596517
13	71963801	72799899	836099	0.00913365591494287
13	72802601	73184399	381799	0.00417082270720247
13	73190501	74026999	836499	0.00913802556777821
13	74033301	74202199	168899	0.00184507498559134
13	74220801	74809899	589099	0.00643539528911879
13	74816101	75110999	294899	0.00322151562872428
13	75116701	75606299	489599	0.00534844414632731
13	75608101	75653599	45499	0.000497037085888137
13	75655801	75815199	159399	0.00174129573075196
13	75821401	76251799	430399	0.0047017355266966
13	76322501	76527999	205499	0.00224489822002519
13	76532301	76841899	309599	0.00338210037042312
13	76843701	77119099	275399	0.00300849505300132
13	77122401	77179199	56799	0.000620479778486567
13	77192701	77773199	580499	0.00634144775315892
13	77779301	78250499	471199	0.00514744011590155
13	78260901	78453799	192899	0.0021072541557119
13	78455301	78857199	401899	0.00439039776217843
13	78859701	79087099	227399	0.0024841367127602
13	79105001	79590599	485599	0.00530474761797388
13	79592201	79809799	217599	0.00237708021829431
13	79811601	80391099	579499	0.00633052362107057
13	80420001	80726099	306099	0.00334386590811387
13	80730601	81490499	759899	0.0083012370498101
13	81492701	81637999	145299	0.00158726546830613
13	81651501	82132699	481199	0.00525668143678511
13	82135501	82322399	186899	0.00204170936318176
13	82327401	82619499	292099	0.00319092805887688
13	82625601	82805899	180299	0.00196961009139861
13	82809301	83315599	506299	0.00553087715220286
13	83317201	84095599	778399	0.0085033334934447
13	84097701	84535299	437599	0.00478038927773276
13	84540601	85075899	535299	0.0058476769827652
13	85078301	85299499	221199	0.00241640709381239
13	85302301	85695399	393099	0.0042942653998009
13	85703501	86143499	439999	0.00480660719474482
13	86147201	86485899	338699	0.0036999926141943
13	86502201	86571999	69799	0.000762493495635203
13	86573601	86760324	186724	0.0020397976400663
13	86910325	87297899	387575	0.00423392049414481
13	87303701	88351599	1047899	0.0114473870912568
13	88353901	89334999	981099	0.0107176550677546
13	89337001	89482499	145499	0.0015894502947238
13	89486801	89740299	253499	0.00276925656026631
13	89746301	91181199	1434899	0.0156750262094508
13	91182801	91305799	122999	0.00134365732273577
13	91322301	92255999	933699	0.0101998512067665
13	92259401	92622899	363499	0.00397091108998554
13	92628601	93127199	498599	0.00544676133512252
13	93129401	93170899	41499	0.000453340557534711
13	93175001	94140199	965199	0.0105439613675497
13	94148601	95024399	875799	0.00956734395885063
13	95030601	95470999	440399	0.00481097684758016
13	95472501	95561599	89099	0.000973329244940486
13	95563601	96217899	654299	0.00714764870127964
13	96220201	96377899	157699	0.00172272470620175
13	96393101	96480999	87899	0.000960220286434458
13	96493701	96556499	62799	0.000686024571016707
13	96572101	96616699	44599	0.000487205367008616
13	96633301	96699299	65999	0.000720981793699448
13	96705201	97807499	1102299	0.0120416598768634
13	97812401	97873499	61099	0.0006674535464665
13	98016001	98083599	67599	0.000738460405040818
13	98086201	98256399	170199	0.00185927635730621
13	98266101	99386699	1120599	0.0122415714940803
13	99407201	100970399	1563199	0.017076592356387
13	100973101	101327899	354799	0.00387587114081684
13	101356501	102191499	834999	0.00912163936964568
13	102196901	102250799	53899	0.000588799795430333
13	102254201	102293699	39499	0.000431492293357998
13	102296001	102560799	264799	0.00289269925286474
13	102562601	103174699	612099	0.00668665032715099
13	103180601	103769999	589399	0.0064386725287453
13	103772401	104155399	382999	0.00418393166570849
13	104159601	105306099	1146499	0.0125245065151688
13	105307701	105609499	301799	0.00329689214013394
13	105613301	105951399	338099	0.00369343813494128
13	105953801	106035099	81299	0.000888121014651304
13	106040801	106536799	495999	0.00541835859169279
13	106542401	106651899	109499	0.00119618153954296
13	106669101	106866199	197099	0.002153135510483
13	106872101	107430499	558399	0.00610002443400624
13	107436701	108868799	1432099	0.0156444386396034
13	108909301	109162699	253399	0.00276816414705748
13	109168901	110075499	906599	0.00990380722717201
13	110098101	110691899	593799	0.00648673870993407
13	110705301	111036899	331599	0.00362243127636696
13	111039001	111107499	68499	0.000748292123920339
13	111163001	111512099	349099	0.0038136035879132
13	111527201	111959099	431899	0.00471812172482913
13	111964001	111991999	27999	0.000305864774341897
13	111994501	112148399	153899	0.00168121300426599
13	112153301	112353994	200694	0.00219240776534064
13	112503995	112628399	124405	0.001359016652452
13	112630401	112668599	38199	0.000417290921643134
13	112670301	112931199	260899	0.00285009513772015
13	112973401	113179899	206499	0.00225582235211355
13	113244401	113319399	74999	0.000819298982494657
13	113321901	113440499	118599	0.00129559114154701
13	113444301	113526199	81899	0.000894675493904318
13	113540601	113765499	224899	0.00245682638253931
13	113767701	113916299	148599	0.0016233151041977
13	113951001	114089499	138499	0.0015129813701053
13	114102601	114191599	88999	0.00097223683173165
13	114218701	114247099	28399	0.000310234427177239
13	114280801	114325993	45193	0.0004936943014691
13	114425994	114452899	26906	0.000293924697969323
13	114520001	114553299	33299	0.000363762674410187
13	114571101	114601799	30699	0.00033535993098046
13	114772501	114848899	76399	0.000834592767418357
13	114852601	115109878	257278	0.00281053885542821
14	20303801	27098599	6794799	0.0784836138403727
14	27104101	32263099	5158999	0.0595892366085986
14	32280801	32350599	69799	0.000806216307861966
14	32352501	32934799	582299	0.00672586927967041
14	32955201	35006399	2051199	0.0236924609875522
14	35031801	36416699	1384899	0.015996334597082
14	36419201	39980199	3560999	0.0411314698789403
14	39995801	54700599	14704799	0.169848404097943
14	54706601	67507999	12801399	0.147863101724206
14	67534601	80556899	13022299	0.150414616536835
14	80561001	86540299	5979299	0.0690641465262073
14	86577301	87058299	480999	0.00555579933616954
14	87078201	87879899	801699	0.00926005827872362
14	87894501	88236599	342099	0.00395142899902965
14	88243301	90340399	2097099	0.0242226308829786
14	90342301	102140799	11798499	0.136279062767276
14	102142701	105681399	3538699	0.0408738927837767
14	105707201	106034899	327699	0.00378510118869981
14	106185201	107150999	965799	0.0111555022839407
14	107176901	107289540	112640	0.00130105309413562
15	20166201	20200399	34199	0.000446069198285996
15	22365101	22387399	22299	0.000290853447544648
15	22749101	23266699	517599	0.0067512199468883
15	23612801	26002699	2389899	0.0311722661748736
15	26004601	27591199	1586599	0.0206945508328127
15	27591201	27591204	4	5.21733615937303e-08
15	27591207	28538399	947193	0.0123545607220125
15	28956301	29159443	203143	0.00264966329855879
15	29209444	30358499	1149056	0.0149875285448613
15	30919301	31136499	217199	0.00283300049119916
15	31143801	32445899	1302099	0.0169837204894587
15	32915201	56603299	23688099	0.30897193864877
15	56608501	69255899	12647399	0.164964330311796
15	69257801	72085399	2827599	0.0368813362672675
15	72090501	72923799	833299	0.0108690025106735
15	72979001	74357799	1378799	0.0179841446980184
15	74398001	75546199	1148199	0.0149763504021399
15	75592101	77990999	2398899	0.0312896562384595
15	77993001	82582299	4589299	0.0598597890471862
15	83213901	84834999	1621099	0.0211445460765586
15	85142501	85732699	590199	0.0076981664598145
15	85814601	102283599	16468999	0.214810759978446
15	102305301	102411599	106299	0.00138649404101298
16	60001	8636921	8576921	0.110371026619312
16	8686922	32922999	24236078	0.311878914366325
16	33427101	33726299	299199	0.00385020461229288
16	34197901	35191099	993199	0.0127808561215936
16	46501301	88389383	41888083	0.53903151536839
16	88439384	90155799	1716416	0.0220874829120863
17	1	66699	66699	0.000873459306649393
17	167601	296626	129026	0.00168966492000996
17	396627	964699	568073	0.0074392217080652
17	969401	1210899	241499	0.00316255939514118
17	1236401	4734799	3498399	0.0458134179661304
17	4736701	18928599	14191899	0.185850556388825
17	19140801	21492099	2351299	0.0307915260238596
17	21686001	21901399	215399	0.00282076584645906
17	21908601	22019699	111099	0.00145490120555692
17	22024901	22206999	182099	0.00238468442227841
17	25341301	30264499	4923199	0.0644719408842259
17	30277601	31148499	870899	0.0114048911783033
17	31150801	33477199	2326399	0.0304654471210939
17	33479301	34475999	996699	0.0130523098918746
17	34812201	36253599	1441399	0.0188758957577344
17	36406901	41378899	4971999	0.0651110031514937
17	41402101	41432199	30099	0.000394162606198595
17	41467701	43588699	2120999	0.0277756235617334
17	43718701	45108699	1389999	0.0182027850909811
17	45130401	45211899	81499	0.0010672732729519
17	45283301	45612499	329199	0.00431103810086618
17	45671301	51182299	5510999	0.0721694982756188
17	51184601	62410760	11226160	0.147012607834228
17	62460761	64794199	2333439	0.0305576397104702
17	64796201	77546461	12750261	0.166971530797445
17	77596462	78717099	1120638	0.0146753578087372
17	78719201	79709049	989849	0.0129626054547684
17	79759050	81151699	1392650	0.0182375013629181
17	81195201	81195210	10	1.3095538263683e-07
18	127001	951999	824999	0.0112317217971294
18	976901	2247199	1270299	0.0172941360743124
18	2253301	2841299	587999	0.00800515053350403
18	2866101	6687499	3821399	0.0520253848111676
18	6705801	12134399	5428599	0.0739061668149596
18	12227801	14163199	1935399	0.026348956949575
18	14270801	15139699	868899	0.0118293862632609
18	15271401	15293899	22499	0.000306306442448554
18	18552901	19792099	1239199	0.0168707336848662
18	19813601	20109799	296199	0.00403251975406992
18	20115601	20388599	272999	0.0037166697400779
18	20400601	27088799	6688199	0.0910546442987677
18	27090301	28927899	1837599	0.0250174857699018
18	28933701	30436499	1502799	0.0204594433266031
18	30442101	32114599	1672499	0.0227697772651568
18	32137901	32924099	786199	0.0107034898771772
18	32938701	33196299	257599	0.00350701067906596
18	33213601	33342299	128699	0.0017521371099465
18	33346201	38424599	5078399	0.069138465310649
18	38428201	42024799	3596599	0.0489649070893829
18	42028201	42607899	579699	0.00789215246815344
18	42611001	44125299	1514299	0.020616006911125
18	44127401	44502999	375599	0.00511348919850813
18	44515001	44541399	26399	0.000359401918938591
18	44558201	45378699	820499	0.0111704577857947
18	45380701	46175799	795099	0.0108246564773724
18	46204101	46572199	368099	0.00501138251295036
18	46634901	47297099	662199	0.00901532600928885
18	47302901	50318199	3015299	0.0410509582474191
18	50320201	52059136	1738936	0.023674265514277
18	52209137	52710599	501463	0.0068270299813138
18	52712901	53382699	669799	0.00911879411732072
18	53388401	54391799	1003399	0.0136604994909301
18	54393601	60853699	6460099	0.0879492396353375
18	60886801	61530099	643299	0.00875801716168328
18	61533701	68386499	6852799	0.0932955456911421
18	68419401	72283353	3863953	0.0526047245307977
18	72333354	74677999	2344646	0.0319205375821695
18	74695901	75721820	1025920	0.013967105446323
18	75771821	76196599	424779	0.00578303677127224
18	76198901	76272399	73499	0.00100063190424136
18	76275201	76773799	498599	0.00678803884165547
18	76800401	77031199	230799	0.00314214945600621
18	77124401	77233299	108899	0.00148257546007401
18	77236001	77377699	141699	0.00192912203157996
18	77394501	77679099	284599	0.00387459474707391
18	77681701	77771999	90299	0.00122935087989075
18	77796401	78011249	214849	0.0029250025713867
18	78011251	78011257	7	9.52995731872473e-08
18	78011259	78011905	647	8.80840340744985e-06
18	78011907	78013445	1539	2.09522918764534e-05
18	78013447	78013475	29	3.94812517490024e-07
18	78013477	78013482	6	8.16853484462119e-08
18	78013484	78013485	2	2.72284494820706e-08
18	78013490	78013508	19	2.58670270079671e-07
18	78013511	78013520	10	1.36142247410353e-07
18	78013522	78013525	4	5.44568989641413e-08
18	78013528	78013536	9	1.22528022669318e-07
18	78013538	78013539	2	2.72284494820706e-08
18	78013541	78014203	663	9.02623100330642e-06
18	78014205	78014563	359	4.88750668203168e-06
18	78014565	78017248	2684	3.65405792049388e-05
19	60001	7346004	7286004	0.132071849076654
19	7396005	7514299	118295	0.00214430837349565
19	7516901	8687198	1170298	0.0212137436145671
19	8737199	8850899	113701	0.00206103390992712
19	8910701	20523415	11612715	0.210501221636743
19	20573416	24182699	3609284	0.0654247255042383
19	24198601	24501499	302899	0.00549058592521627
19	27995101	35349799	7354699	0.133317068770786
19	35357001	36065599	708599	0.0128446237723542
19	36067701	37756399	1688699	0.0306106885837417
19	37795101	44912699	7117599	0.12901920736197
19	44921201	44958199	36999	0.000670673025157154
19	44964701	48406199	3441499	0.0623833223980464
19	48463101	50593499	2130399	0.0386172907949343
19	50643701	59118983	8475283	0.153629657252169
20	60001	25733099	25673099	0.437771371206405
20	25945001	25984199	39199	0.000668411709078045
20	26150001	26184299	34299	0.000584858113974027
20	29519701	29546799	27099	0.000462085484433428
20	29853001	34897085	5044085	0.0860104970939292
20	34947086	46521399	11574314	0.197362356237301
20	46531601	47130699	599099	0.0102156888312699
20	47133901	61091437	13957537	0.238000488805583
20	61141438	61213369	71932	0.00122656677612699
20	61263370	62887699	1624330	0.0276976757419001
21	9411194	9594899	183706	0.00536337535119911
21	10366001	10491899	125899	0.0036756752274864
21	10494001	10645999	151999	0.00443767590610493
21	10861501	11004199	142699	0.00416615842291902
21	14370201	33157035	18786835	0.548489694218178
21	33157056	33157379	324	9.45931876905768e-06
21	33157390	40285944	7128555	0.208121216381975
21	40285955	42955559	2669605	0.0779402613656489
21	43005560	43226828	221269	0.00646004322441551
21	43227329	43249342	22014	0.00064270815858653
21	43250843	44035894	785052	0.0229199293774268
21	44035905	44632664	596760	0.0174226637920459
21	44682665	44888040	205376	0.00599604028245059
21	44888051	48119895	3231845	0.0943550989727939
22	16962101	17348199	386099	0.0116938152065907
22	17393501	17494599	101099	0.00306199452360951
22	17519201	18358699	839499	0.0254259818650596
22	18361201	18657399	296199	0.00897100580518714
22	18889801	19178139	288339	0.00873294927687755
22	19178141	19178159	19	5.75454712198743e-07
22	19178161	19178161	1	3.02870901157233e-08
22	19178165	19178165	1	3.02870901157233e-08
22	19178168	19178168	1	3.02870901157233e-08
22	19178170	19178263	94	2.84698647087799e-06
22	19178265	19178267	3	9.086127034717e-08
22	19178269	19178273	5	1.51435450578617e-07
22	19178275	19178283	9	2.7258381104151e-07
22	19178285	19178310	26	7.87464343008807e-07
22	19178312	19178314	3	9.086127034717e-08
22	19178316	19179518	1203	3.64353694092152e-05
22	19179520	19193925	14406	0.00043631582020711
22	19193927	19200634	6708	0.000203165800496272
22	19200636	19200640	5	1.51435450578617e-07
22	19200642	19205396	4755	0.000144015113500264
22	19205398	19205400	3	9.086127034717e-08
22	19205402	19205448	47	1.423493235439e-06
22	19205450	20304799	1099350	0.0332961125187205
22	20708401	21466099	757699	0.0229484978935935
22	21916601	23826899	1910299	0.0578573979609762
22	23829901	33517599	9687699	0.293412212627003
22	33519501	36280799	2761299	0.0836317116494567
22	36282701	50364777	14082077	0.426505135115555
22	50414778	51058599	643822	0.0194994949324852
22	51083401	51219999	136599	0.00413718622271769
X	290101	392199	102099	0.000684829336879027
X	529201	1006399	477199	0.00320081366839376
X	1334001	2068238	734238	0.00492490350200671
X	2118239	7505599	5387361	0.0361357394407186
X	7509901	7623882	113982	0.000764534593640929
X	7673883	9371799	1697917	0.0113887831730539
X	9400201	10738674	1338474	0.00897781821418249
X	10788675	37098256	26309582	0.17647159712264
X	37148257	49164899	12016643	0.0806016675697313
X	49386301	49974173	587873	0.00394315984249683
X	50024174	52395914	2371741	0.0159084595958707
X	52445915	55207099	2761185	0.018520656348743
X	55210901	58329699	3118799	0.0209193532848409
X	58433501	58460999	27499	0.000184449621787053
X	61920101	62005099	84999	0.000570131037575103
X	62007001	76653692	14646692	0.0982427288203738
X	76703693	78057799	1354107	0.00908267660675666
X	78060001	99512199	21452199	0.143890686644991
X	99516601	101446099	1929499	0.0129421201057674
X	101744101	108258599	6514499	0.0436960208255623
X	108312301	111555899	3243599	0.0217564496446731
X	111595101	113517668	1922568	0.0128956304032834
X	113567669	114959099	1391431	0.00933302744437184
X	115006101	115682290	676190	0.00453554637463863
X	115732291	120013235	4280945	0.0287144509306221
X	120063236	125595299	5532064	0.0371063352304365
X	125608201	132242599	6634399	0.0445002504212664
X	132250601	134852299	2601699	0.0174509035439018
X	134971101	136518799	1547699	0.0103811955049347
X	136521501	143507324	6985824	0.0468574346220197
X	143557325	148906424	5349100	0.0358791036729018
X	148956425	149032062	75638	0.000507342103084808
X	149082063	152277099	3195037	0.0214307198896557
X	152327100	154528899	2201800	0.0147685798483848
X	154616301	155038499	422199	0.00283190100981389
Y	2649521	7432699	4783179	0.248219237625452
Y	13491001	13633399	142399	0.00738968188701004
Y	14289001	20143885	5854885	0.303834560881936
Y	20193886	22369679	2175794	0.112911084429421
Y	22419680	23901428	1481749	0.076894175846707
Y	23951429	28783399	4831971	0.250751259329474
